# Hole fixtures — every content producer's path, exercised in BOTH modes.
#
# Why this file exists: the 1.11.2 check found that `extract` on a snapshot-shared (copy-on-write) stream
# printed the note and exited 2 but wrote no sidecar and ignored --refuse-holes, while the tool page
# promised both. The fixture that finds it took ten minutes and already existed in the M1 report -- it had
# only ever been run in default mode. A fixture verified for the note alone verifies almost nothing.
#
# Each row is a RECIPE, not a stored image: punch `offset` on a sparse copy of `image`, run `command`, and
# compare against the two expectation columns. `image_sha256` is the content hash of the SOURCE image, so a
# row cannot silently drift onto a different volume.
#
# columns:
#   id  producer  image  image_sha256  offset  path  expect_default  expect_refuse
#     expect_default / expect_refuse = rc:bytes:sidecar   (bytes = "written" | "none")
#
id	producer	image	image_sha256	offset	path	expect_default	expect_refuse
hole6-cow	recover_cow_current_content	analysis/rawdisk/disks/step3/win11refs2tsnapshots.raw	3fe8d29bfa134e94252b693ab01fff5f77932aad5c860b829e13878c29ef4388	0x337c2df000	testsnapshots/test.txt	2:written:sidecar	2:none:nosidecar
hole7-ads	_read_vlcn_extents	analysis/rawdisk/disks/step3/win11refs2tsnapshots.raw	3fe8d29bfa134e94252b693ab01fff5f77932aad5c860b829e13878c29ef4388	0x337d0c4000	testsnapshots/testads.txt:adstest	2:written:sidecar	2:none:nosidecar
hole8-control	negative-control	analysis/rawdisk/disks/step3/win11refs2tsnapshots.raw	3fe8d29bfa134e94252b693ab01fff5f77932aad5c860b829e13878c29ef4388	0x337d0c4000	testsnapshots/testads.txt	0:written:nosidecar	0:written:nosidecar
